경남콘텐츠페어,316
계양 빛축제,352
고니골빛축제,252
고창 핑크뮬리 축제,275
고흥유자축제,294
공주 페스티벌,342
공주에서 날밤까기,359
관악별빛산책,286
광안리 M(Marvelous) 드론 라이트쇼,287
광진 생활문화예술축제,335
광화문 마켓,319
괴산김장축제,282
구름이 걷히니 달이 비치고 바람 부니 별이 빛난다,370
구미라면 축제,315
군산짬뽕페스티벌,331
글로벌 콘텐츠 페스티벌 in 순천,356
김포 해병대 문화축제,357
김해분청도자기 축제,220
낙원 생활문화축제,353
남도달밤야시장,327
남산봉수의식 등 전통문화 재현행사,289
낭만등불축제,320
네이처파크 미라클 크리스마스,268
뉴키즈 온더 삼락,344
단단단페스티벌,290
대한민국 국향대전,226
대한민국 우리술 대축제,285
대한민국 청년미술축제: 아트그라운드 서울,274
대한민국이 한우먹는날,351
도곡 메타세콰이아 로드 페스타,311
마노르블랑 핑크뮬리축제,256
마산가고파국화축제,225
마켓피어나인,321
마토예술제,241
매헌시민의숲 가을축제,358
무안 YD 페스티벌,324
밀양얼음골사과축제,227
밤의 석조전,283
백제고도부여국화축제,306
벌교꼬막축제,229
베어트리파크 단풍축제,292
벽초지수목원 가을꽃 국화축제,257
별빛이 흐르는 정원,259
부산가을맥주축제,260
부산국제매직페스티벌,231
부산국제아동도서전,328
부산불꽃축제,218
부산평생학습주간,266
사이사이 페스티벌,305
사천시농업한마당축제,236
삼호버드페스티벌,343
삼호읍 팔팔한 달빛축제,364
서면 빛 축제,310
서울 빛초롱 축제,232
서울 왕궁수문장 교대의식,219
서울거리공연 구석구석 라이브,278
서울라이트 DDP,269
서울랜드 불빛축제 루나파크,261
서울일러스트레이션페어V.18,277
서해랑길 친환경 캠핑 페스티벌,363
세계음악극 페스티벌,354
수문장 교대의식,217
수성빛예술제,270
순창 떡볶이 페스타,346
아침고요수목원 국화전시회,312
양재 플라워 페스타,264
양재풍류살롱,367
양평빙송어축제,240
양화진 근대사 뱃길탐방,249
여수동동북축제,362
여수밤바다불꽃축제,297
여행가는 가을 문화관광축제 홍보 기획전,368
영덕생활문화축제,336
영덕업사이클링아트페스타,317
영덕펀박스레이스,338
영주장날 농특산물대축제,262
예산황토사과축제,228
예술고시촌 로컬페스티벌,318
예울림 페스티벌,365
완주 소양 미디어아트페스타,366
외씨버선길  청송 함께걷기,334
우리쌀 우리술 K-라이스페스타,332
울산관광두레 페스타,361
울산축협 한우축제,345
월드판소리페스티벌,308
월문 페스티벌,341
월출산 국화축제,246
월출산국립공원 박람회,339
웰컴대학로 페스티벌,276
유러피언 크리스마스 마켓,238
유성국화축제,255
유성온천 크리스마스 축제,298
이순신 순국제전,313
이월드 일루미네이션,245
익산시 김장체험한마당,360
전남 세계 김밥 페스티벌,333
제14회 서울미래연극제,250
제18회 이순신장군배 국제요트대회,265
제18회 전북청소년영화제,242
제36회 춘천인형극제,223
제45회 서울무용제,224
제5회 여주인공 페스티벌,348
제물포 웨이브 마켓,326
제주민속촌 국화축제,347
제주밭담축제,253
진안고원 김치보쌈축제,272
창경궁 야간 상시관람,244
창덕궁 달빛기행,234
천리포수목원 가을축제,293
천안문화도시 페스타,304
청도 프로방스 빛축제,271
청도 프로방스 크리스마스 산타마을 빛축제,247
청소년 비즈쿨 페스티벌,291
청송사과축제,216
청춘양구 펀치볼 시래기 사과축제,233
최남단 방어 축제,221
태안 빛축제,243
토토즐,323
통영어부장터,355
파주장단콩축제,222
퍼스트가든 국화축제,273
포르테피아니시모,329
포항구룡포 과메기 축제,230
피나클랜드 불꽃축제,299
피나클랜드 오천만송이 국화축제,281
한강수계 걷기행사,330
"한국민속촌 살귀옥, A Haunted Prison",302
한국민속촌 조선살인수사,303
한국의집 고호재,309
한림공원 국화축제,237
할로윈 페스티벌 호박마녀의 초대,263
해남미남(味南)축제,284
허브아일랜드 불빛동화축제,239
"호수의 가을과 겨울,그리고 루미나리에",288
홍성글로벌바비큐페스티벌,296
홍천사과축제,295
화담숲 가을 단풍 축제,267
화순 고인돌 가을꽃 축제,337
화순운주문화축제,235
후유마츠리,369
휴애리 동백축제,258
휴애리 핑크뮬리 축제,254
2024 KOREA 월드푸드챔피언십,279
2024 고흥 녹동항 드론쇼,300
2024 대한민국 SW교육 페스티벌,251
2024 서천전국자전거대행진,340
2024 울산문화박람회,350
2024 유니카 코리아 국제영화제,307
2024 한강 불빛 공연(드론 라이트 쇼),314
2024섬진강국제실험예술제(SIEAF),280
APAP 작품투어,322
DMZ OPEN 페스티벌,301
G아티언스 2024 커넥팅 위크,349
K-푸드 페스티벌 넉넉,325
K-핸드메이드페어 2024,248
